{
  "display": "minecraft:short_grass",
  "settings": {
    "biome": "minecraft:plains",
    "features": true,
    "lakes": true,
    "layers": [
      {
        "block": "minecraft:bedrock",
        "height": 1
      },
      {
        "block": "minecraft:stone",
        "height": 59
      },
      {
        "block": "minecraft:dirt",
        "height": 3
      },
      {
        "block": "minecraft:grass_block",
        "height": 1
      }
    ],
    "structure_overrides": [
      "minecraft:villages",
      "minecraft:mineshafts",
      "minecraft:pillager_outposts",
      "minecraft:ruined_portals",
      "minecraft:strongholds"
    ]
  }
}